location,year,bloom_date,normal_date,substitute_species
稚内,2001,2001/5/17,5月13日,えぞやまざくら
稚内,2002,2002/4/29,5月13日,えぞやまざくら
稚内,2003,2003/5/10,5月13日,えぞやまざくら
稚内,2004,2004/5/10,5月13日,えぞやまざくら
稚内,2005,2005/5/23,5月13日,えぞやまざくら
稚内,2006,2006/5/18,5月13日,えぞやまざくら
稚内,2007,2007/5/15,5月13日,えぞやまざくら
稚内,2008,2008/5/2,5月13日,えぞやまざくら
稚内,2009,2009/5/10,5月13日,えぞやまざくら
稚内,2010,2010/5/22,5月13日,えぞやまざくら
旭川,2001,2001/5/4,5月4日,えぞやまざくら
旭川,2002,2002/4/23,5月4日,えぞやまざくら
旭川,2003,2003/5/2,5月4日,えぞやまざくら
旭川,2004,2004/5/6,5月4日,えぞやまざくら
旭川,2005,2005/5/14,5月4日,えぞやまざくら
旭川,2006,2006/5/10,5月4日,えぞやまざくら
旭川,2007,2007/5/6,5月4日,えぞやまざくら
旭川,2008,2008/4/23,5月4日,えぞやまざくら
旭川,2009,2009/5/3,5月4日,えぞやまざくら
旭川,2010,2010/5/11,5月4日,えぞやまざくら
網走,2001,2001/5/12,5月10日,えぞやまざくら
網走,2002,2002/4/29,5月10日,えぞやまざくら
網走,2003,2003/5/10,5月10日,えぞやまざくら
網走,2004,2004/5/12,5月10日,えぞやまざくら
網走,2005,2005/5/21,5月10日,えぞやまざくら
網走,2006,2006/5/15,5月10日,えぞやまざくら
網走,2007,2007/5/12,5月10日,えぞやまざくら
網走,2008,2008/5/3,5月10日,えぞやまざくら
網走,2009,2009/5/4,5月10日,えぞやまざくら
網走,2010,2010/5/17,5月10日,えぞやまざくら
札幌,2001,2001/4/29,5月1日,
札幌,2002,2002/4/22,5月1日,
札幌,2003,2003/5/1,5月1日,
札幌,2004,2004/5/5,5月1日,
札幌,2005,2005/5/10,5月1日,
札幌,2006,2006/5/8,5月1日,
札幌,2007,2007/5/4,5月1日,
札幌,2008,2008/4/21,5月1日,
札幌,2009,2009/5/1,5月1日,
札幌,2010,2010/5/7,5月1日,
帯広,2001,2001/4/29,5月2日,えぞやまざくら
帯広,2002,2002/4/24,5月2日,えぞやまざくら
帯広,2003,2003/5/2,5月2日,えぞやまざくら
帯広,2004,2004/5/5,5月2日,えぞやまざくら
帯広,2005,2005/5/4,5月2日,えぞやまざくら
帯広,2006,2006/5/8,5月2日,えぞやまざくら
帯広,2007,2007/5/6,5月2日,えぞやまざくら
帯広,2008,2008/4/26,5月2日,えぞやまざくら
帯広,2009,2009/5/1,5月2日,えぞやまざくら
帯広,2010,2010/5/8,5月2日,えぞやまざくら
釧路,2001,2001/5/18,5月16日,えぞやまざくら
釧路,2002,2002/5/10,5月16日,えぞやまざくら
釧路,2003,2003/5/22,5月16日,えぞやまざくら
釧路,2004,2004/5/16,5月16日,えぞやまざくら
釧路,2005,2005/5/22,5月16日,えぞやまざくら
釧路,2006,2006/5/18,5月16日,えぞやまざくら
釧路,2007,2007/5/16,5月16日,えぞやまざくら
釧路,2008,2008/5/15,5月16日,えぞやまざくら
釧路,2009,2009/5/10,5月16日,えぞやまざくら
釧路,2010,2010/5/19,5月16日,えぞやまざくら
室蘭,2001,2001/5/9,5月4日,
室蘭,2002,2002/4/23,5月4日,
室蘭,2003,2003/5/2,5月4日,
室蘭,2004,2004/5/4,5月4日,
室蘭,2005,2005/5/10,5月4日,
室蘭,2006,2006/5/12,5月4日,
室蘭,2007,2007/5/7,5月4日,
室蘭,2008,2008/4/25,5月4日,
室蘭,2009,2009/5/3,5月4日,
室蘭,2010,2010/5/14,5月4日,
函館,2001,2001/4/28,4月28日,
函館,2002,2002/4/18,4月28日,
函館,2003,2003/4/28,4月28日,
函館,2004,2004/4/26,4月28日,
函館,2005,2005/5/1,4月28日,
函館,2006,2006/5/7,4月28日,
函館,2007,2007/4/30,4月28日,
函館,2008,2008/4/22,4月28日,
函館,2009,2009/4/25,4月28日,
函館,2010,2010/5/5,4月28日,
青森,2001,2001/4/23,4月22日,
青森,2002,2002/4/14,4月22日,
青森,2003,2003/4/20,4月22日,
青森,2004,2004/4/18,4月22日,
青森,2005,2005/4/29,4月22日,
青森,2006,2006/5/1,4月22日,
青森,2007,2007/4/25,4月22日,
青森,2008,2008/4/17,4月22日,
青森,2009,2009/4/18,4月22日,
青森,2010,2010/4/28,4月22日,
秋田,2001,2001/4/12,4月17日,
秋田,2002,2002/4/7,4月17日,
秋田,2003,2003/4/16,4月17日,
秋田,2004,2004/4/12,4月17日,
秋田,2005,2005/4/24,4月17日,
秋田,2006,2006/4/21,4月17日,
秋田,2007,2007/4/18,4月17日,
秋田,2008,2008/4/10,4月17日,
秋田,2009,2009/4/14,4月17日,
秋田,2010,2010/4/24,4月17日,
盛岡,2001,2001/4/15,4月18日,
盛岡,2002,2002/4/11,4月18日,
盛岡,2003,2003/4/16,4月18日,
盛岡,2004,2004/4/13,4月18日,
盛岡,2005,2005/4/23,4月18日,
盛岡,2006,2006/4/24,4月18日,
盛岡,2007,2007/4/20,4月18日,
盛岡,2008,2008/4/12,4月18日,
盛岡,2009,2009/4/13,4月18日,
盛岡,2010,2010/4/25,4月18日,
山形,2001,2001/4/12,4月13日,
山形,2002,2002/4/3,4月13日,
山形,2003,2003/4/14,4月13日,
山形,2004,2004/4/10,4月13日,
山形,2005,2005/4/19,4月13日,
山形,2006,2006/4/18,4月13日,
山形,2007,2007/4/13,4月13日,
山形,2008,2008/4/12,4月13日,
山形,2009,2009/4/11,4月13日,
山形,2010,2010/4/19,4月13日,
仙台,2001,2001/4/10,4月8日,
仙台,2002,2002/3/29,4月8日,
仙台,2003,2003/4/9,4月8日,
仙台,2004,2004/4/7,4月8日,
仙台,2005,2005/4/14,4月8日,
仙台,2006,2006/4/13,4月8日,
仙台,2007,2007/4/6,4月8日,
仙台,2008,2008/4/5,4月8日,
仙台,2009,2009/4/7,4月8日,
仙台,2010,2010/4/13,4月8日,
福島,2001,2001/4/8,4月7日,
福島,2002,2002/3/29,4月7日,
福島,2003,2003/4/8,4月7日,
福島,2004,2004/4/3,4月7日,
福島,2005,2005/4/11,4月7日,
福島,2006,2006/4/12,4月7日,
福島,2007,2007/4/2,4月7日,
福島,2008,2008/4/6,4月7日,
福島,2009,2009/4/6,4月7日,
福島,2010,2010/4/9,4月7日,
新潟,2001,2001/4/8,4月8日,
新潟,2002,2002/3/30,4月8日,
新潟,2003,2003/4/6,4月8日,
新潟,2004,2004/4/2,4月8日,
新潟,2005,2005/4/14,4月8日,
新潟,2006,2006/4/11,4月8日,
新潟,2007,2007/4/6,4月8日,
新潟,2008,2008/4/5,4月8日,
新潟,2009,2009/4/7,4月8日,
新潟,2010,2010/4/11,4月8日,
金沢,2001,2001/4/2,4月3日,
金沢,2002,2002/3/26,4月3日,
金沢,2003,2003/4/3,4月3日,
金沢,2004,2004/3/28,4月3日,
金沢,2005,2005/4/7,4月3日,
金沢,2006,2006/4/6,4月3日,
金沢,2007,2007/3/29,4月3日,
金沢,2008,2008/4/2,4月3日,
金沢,2009,2009/4/3,4月3日,
金沢,2010,2010/4/1,4月3日,
富山,2001,2001/4/5,4月3日,
富山,2002,2002/3/26,4月3日,
富山,2003,2003/4/4,4月3日,
富山,2004,2004/3/29,4月3日,
富山,2005,2005/4/8,4月3日,
富山,2006,2006/4/7,4月3日,
富山,2007,2007/3/30,4月3日,
富山,2008,2008/4/2,4月3日,
富山,2009,2009/3/30,4月3日,
富山,2010,2010/4/2,4月3日,
長野,2001,2001/4/10,4月11日,
長野,2002,2002/4/2,4月11日,
長野,2003,2003/4/15,4月11日,
長野,2004,2004/4/6,4月11日,
長野,2005,2005/4/14,4月11日,
長野,2006,2006/4/15,4月11日,
長野,2007,2007/4/7,4月11日,
長野,2008,2008/4/10,4月11日,
長野,2009,2009/4/8,4月11日,
長野,2010,2010/4/9,4月11日,
宇都宮,2001,2001/3/28,3月30日,
宇都宮,2002,2002/3/18,3月30日,
宇都宮,2003,2003/3/31,3月30日,
宇都宮,2004,2004/3/27,3月30日,
宇都宮,2005,2005/4/6,3月30日,
宇都宮,2006,2006/3/29,3月30日,
宇都宮,2007,2007/3/26,3月30日,
宇都宮,2008,2008/3/28,3月30日,
宇都宮,2009,2009/3/26,3月30日,
宇都宮,2010,2010/4/2,3月30日,
福井,2001,2001/4/2,4月1日,
福井,2002,2002/3/26,4月1日,
福井,2003,2003/4/2,4月1日,
福井,2004,2004/3/29,4月1日,
福井,2005,2005/4/7,4月1日,
福井,2006,2006/4/5,4月1日,
福井,2007,2007/3/29,4月1日,
福井,2008,2008/4/2,4月1日,
福井,2009,2009/3/26,4月1日,
福井,2010,2010/4/2,4月1日,
前橋,2001,2001/3/26,3月29日,
前橋,2002,2002/3/20,3月29日,
前橋,2003,2003/3/31,3月29日,
前橋,2004,2004/3/26,3月29日,
前橋,2005,2005/4/6,3月29日,
前橋,2006,2006/3/28,3月29日,
前橋,2007,2007/3/28,3月29日,
前橋,2008,2008/3/26,3月29日,
前橋,2009,2009/3/30,3月29日,
前橋,2010,2010/4/1,3月29日,
熊谷,2001,2001/3/25,3月27日,
熊谷,2002,2002/3/17,3月27日,
熊谷,2003,2003/3/28,3月27日,
熊谷,2004,2004/3/23,3月27日,
熊谷,2005,2005/4/4,3月27日,
熊谷,2006,2006/3/27,3月27日,
熊谷,2007,2007/3/23,3月27日,
熊谷,2008,2008/3/25,3月27日,
熊谷,2009,2009/3/25,3月27日,
熊谷,2010,2010/3/31,3月27日,
水戸,2001,2001/3/30,3月30日,
水戸,2002,2002/3/20,3月30日,
水戸,2003,2003/4/1,3月30日,
水戸,2004,2004/3/27,3月30日,
水戸,2005,2005/4/6,3月30日,
水戸,2006,2006/3/30,3月30日,
水戸,2007,2007/3/24,3月30日,
水戸,2008,2008/3/27,3月30日,
水戸,2009,2009/3/27,3月30日,
水戸,2010,2010/4/2,3月30日,
岐阜,2001,2001/3/25,3月25日,
岐阜,2002,2002/3/17,3月25日,
岐阜,2003,2003/3/24,3月25日,
岐阜,2004,2004/3/24,3月25日,
岐阜,2005,2005/4/2,3月25日,
岐阜,2006,2006/3/26,3月25日,
岐阜,2007,2007/3/23,3月25日,
岐阜,2008,2008/3/23,3月25日,
岐阜,2009,2009/3/18,3月25日,
岐阜,2010,2010/3/20,3月25日,
名古屋,2001,2001/3/26,3月24日,
名古屋,2002,2002/3/19,3月24日,
名古屋,2003,2003/3/24,3月24日,
名古屋,2004,2004/3/23,3月24日,
名古屋,2005,2005/3/31,3月24日,
名古屋,2006,2006/3/26,3月24日,
名古屋,2007,2007/3/23,3月24日,
名古屋,2008,2008/3/22,3月24日,
名古屋,2009,2009/3/19,3月24日,
名古屋,2010,2010/3/18,3月24日,
甲府,2001,2001/3/25,3月25日,
甲府,2002,2002/3/17,3月25日,
甲府,2003,2003/3/27,3月25日,
甲府,2004,2004/3/24,3月25日,
甲府,2005,2005/3/31,3月25日,
甲府,2006,2006/3/24,3月25日,
甲府,2007,2007/3/21,3月25日,
甲府,2008,2008/3/24,3月25日,
甲府,2009,2009/3/20,3月25日,
甲府,2010,2010/3/20,3月25日,
銚子,2001,2001/3/26,3月30日,
銚子,2002,2002/3/19,3月30日,
銚子,2003,2003/3/28,3月30日,
銚子,2004,2004/3/30,3月30日,
銚子,2005,2005/4/7,3月30日,
銚子,2006,2006/3/25,3月30日,
銚子,2007,2007/3/30,3月30日,
銚子,2008,2008/3/25,3月30日,
銚子,2009,2009/4/1,3月30日,
銚子,2010,2010/4/1,3月30日,
津,2001,2001/3/28,3月29日,
津,2002,2002/3/21,3月29日,
津,2003,2003/3/28,3月29日,
津,2004,2004/3/28,3月29日,
津,2005,2005/4/3,3月29日,
津,2006,2006/3/31,3月29日,
津,2007,2007/3/26,3月29日,
津,2008,2008/3/27,3月29日,
津,2009,2009/3/23,3月29日,
津,2010,2010/3/24,3月29日,
静岡,2001,2001/3/23,3月24日,
静岡,2002,2002/3/15,3月24日,
静岡,2003,2003/3/21,3月24日,
静岡,2004,2004/3/18,3月24日,
静岡,2005,2005/3/29,3月24日,
静岡,2006,2006/3/17,3月24日,
静岡,2007,2007/3/24,3月24日,
静岡,2008,2008/3/22,3月24日,
静岡,2009,2009/3/19,3月24日,
静岡,2010,2010/3/17,3月24日,
東京,2001,2001/3/23,3月24日,
東京,2002,2002/3/16,3月24日,
東京,2003,2003/3/27,3月24日,
東京,2004,2004/3/18,3月24日,
東京,2005,2005/3/31,3月24日,
東京,2006,2006/3/21,3月24日,
東京,2007,2007/3/20,3月24日,
東京,2008,2008/3/22,3月24日,
東京,2009,2009/3/21,3月24日,
東京,2010,2010/3/22,3月24日,
横浜,2001,2001/3/22,3月25日,
横浜,2002,2002/3/15,3月25日,
横浜,2003,2003/3/27,3月25日,
横浜,2004,2004/3/18,3月25日,
横浜,2005,2005/4/2,3月25日,
横浜,2006,2006/3/21,3月25日,
横浜,2007,2007/3/23,3月25日,
横浜,2008,2008/3/23,3月25日,
横浜,2009,2009/3/22,3月25日,
横浜,2010,2010/3/22,3月25日,
松江,2001,2001/3/26,3月29日,
松江,2002,2002/3/22,3月29日,
松江,2003,2003/3/31,3月29日,
松江,2004,2004/3/21,3月29日,
松江,2005,2005/4/5,3月29日,
松江,2006,2006/3/28,3月29日,
松江,2007,2007/3/26,3月29日,
松江,2008,2008/4/1,3月29日,
松江,2009,2009/3/22,3月29日,
松江,2010,2010/3/22,3月29日,
鳥取,2001,2001/3/26,3月29日,
鳥取,2002,2002/3/22,3月29日,
鳥取,2003,2003/3/31,3月29日,
鳥取,2004,2004/3/24,3月29日,
鳥取,2005,2005/4/5,3月29日,
鳥取,2006,2006/4/1,3月29日,
鳥取,2007,2007/3/25,3月29日,
鳥取,2008,2008/3/29,3月29日,
鳥取,2009,2009/3/22,3月29日,
鳥取,2010,2010/3/25,3月29日,
京都,2001,2001/3/24,3月26日,
京都,2002,2002/3/18,3月26日,
京都,2003,2003/3/28,3月26日,
京都,2004,2004/3/24,3月26日,
京都,2005,2005/4/2,3月26日,
京都,2006,2006/3/27,3月26日,
京都,2007,2007/3/25,3月26日,
京都,2008,2008/3/24,3月26日,
京都,2009,2009/3/19,3月26日,
京都,2010,2010/3/19,3月26日,
彦根,2001,2001/4/1,4月1日,
彦根,2002,2002/3/26,4月1日,
彦根,2003,2003/3/31,4月1日,
彦根,2004,2004/3/28,4月1日,
彦根,2005,2005/4/6,4月1日,
彦根,2006,2006/4/6,4月1日,
彦根,2007,2007/3/30,4月1日,
彦根,2008,2008/3/30,4月1日,
彦根,2009,2009/3/28,4月1日,
彦根,2010,2010/4/1,4月1日,
広島,2001,2001/3/23,3月25日,
広島,2002,2002/3/20,3月25日,
広島,2003,2003/3/25,3月25日,
広島,2004,2004/3/19,3月25日,
広島,2005,2005/4/3,3月25日,
広島,2006,2006/3/22,3月25日,
広島,2007,2007/3/22,3月25日,
広島,2008,2008/3/25,3月25日,
広島,2009,2009/3/22,3月25日,
広島,2010,2010/3/20,3月25日,
岡山,2001,2001/3/26,3月28日,
岡山,2002,2002/3/20,3月28日,
岡山,2003,2003/3/29,3月28日,
岡山,2004,2004/3/25,3月28日,
岡山,2005,2005/4/3,3月28日,
岡山,2006,2006/3/29,3月28日,
岡山,2007,2007/3/26,3月28日,
岡山,2008,2008/3/26,3月28日,
岡山,2009,2009/3/21,3月28日,
岡山,2010,2010/3/22,3月28日,
神戸,2001,2001/3/25,3月27日,
神戸,2002,2002/3/22,3月27日,
神戸,2003,2003/3/28,3月27日,
神戸,2004,2004/3/26,3月27日,
神戸,2005,2005/4/3,3月27日,
神戸,2006,2006/3/27,3月27日,
神戸,2007,2007/3/30,3月27日,
神戸,2008,2008/3/26,3月27日,
神戸,2009,2009/3/23,3月27日,
神戸,2010,2010/3/20,3月27日,
大阪,2001,2001/3/25,3月27日,
大阪,2002,2002/3/20,3月27日,
大阪,2003,2003/3/27,3月27日,
大阪,2004,2004/3/23,3月27日,
大阪,2005,2005/4/3,3月27日,
大阪,2006,2006/3/28,3月27日,
大阪,2007,2007/3/27,3月27日,
大阪,2008,2008/3/26,3月27日,
大阪,2009,2009/3/24,3月27日,
大阪,2010,2010/3/21,3月27日,
和歌山,2001,2001/3/23,3月24日,
和歌山,2002,2002/3/16,3月24日,
和歌山,2003,2003/3/26,3月24日,
和歌山,2004,2004/3/19,3月24日,
和歌山,2005,2005/3/29,3月24日,
和歌山,2006,2006/3/25,3月24日,
和歌山,2007,2007/3/26,3月24日,
和歌山,2008,2008/3/24,3月24日,
和歌山,2009,2009/3/21,3月24日,
和歌山,2010,2010/3/18,3月24日,
奈良,2001,2001/3/26,3月28日,
奈良,2002,2002/3/20,3月28日,
奈良,2003,2003/3/30,3月28日,
奈良,2004,2004/3/25,3月28日,
奈良,2005,2005/4/2,3月28日,
奈良,2006,2006/3/29,3月28日,
奈良,2007,2007/3/27,3月28日,
奈良,2008,2008/3/26,3月28日,
奈良,2009,2009/3/23,3月28日,
奈良,2010,2010/3/20,3月28日,
松山,2001,2001/3/24,3月24日,
松山,2002,2002/3/18,3月24日,
松山,2003,2003/3/26,3月24日,
松山,2004,2004/3/19,3月24日,
松山,2005,2005/4/1,3月24日,
松山,2006,2006/3/24,3月24日,
松山,2007,2007/3/23,3月24日,
松山,2008,2008/3/25,3月24日,
松山,2009,2009/3/17,3月24日,
松山,2010,2010/3/14,3月24日,
高松,2001,2001/3/26,3月27日,
高松,2002,2002/3/18,3月27日,
高松,2003,2003/3/28,3月27日,
高松,2004,2004/3/24,3月27日,
高松,2005,2005/4/1,3月27日,
高松,2006,2006/3/27,3月27日,
高松,2007,2007/3/28,3月27日,
高松,2008,2008/3/25,3月27日,
高松,2009,2009/3/20,3月27日,
高松,2010,2010/3/20,3月27日,
高知,2001,2001/3/21,3月22日,
高知,2002,2002/3/17,3月22日,
高知,2003,2003/3/18,3月22日,
高知,2004,2004/3/19,3月22日,
高知,2005,2005/3/31,3月22日,
高知,2006,2006/3/15,3月22日,
高知,2007,2007/3/23,3月22日,
高知,2008,2008/3/24,3月22日,
高知,2009,2009/3/16,3月22日,
高知,2010,2010/3/10,3月22日,
徳島,2001,2001/3/25,3月28日,
徳島,2002,2002/3/19,3月28日,
徳島,2003,2003/3/27,3月28日,
徳島,2004,2004/3/26,3月28日,
徳島,2005,2005/3/31,3月28日,
徳島,2006,2006/3/27,3月28日,
徳島,2007,2007/3/27,3月28日,
徳島,2008,2008/3/25,3月28日,
徳島,2009,2009/3/23,3月28日,
徳島,2010,2010/3/26,3月28日,
下関,2001,2001/3/26,3月26日,
下関,2002,2002/3/19,3月26日,
下関,2003,2003/3/25,3月26日,
下関,2004,2004/3/23,3月26日,
下関,2005,2005/3/31,3月26日,
下関,2006,2006/3/25,3月26日,
下関,2007,2007/3/23,3月26日,
下関,2008,2008/3/26,3月26日,
下関,2009,2009/3/18,3月26日,
下関,2010,2010/3/20,3月26日,
福岡,2001,2001/3/22,3月22日,
福岡,2002,2002/3/15,3月22日,
福岡,2003,2003/3/22,3月22日,
福岡,2004,2004/3/17,3月22日,
福岡,2005,2005/3/29,3月22日,
福岡,2006,2006/3/23,3月22日,
福岡,2007,2007/3/21,3月22日,
福岡,2008,2008/3/24,3月22日,
福岡,2009,2009/3/13,3月22日,
福岡,2010,2010/3/14,3月22日,
佐賀,2001,2001/3/24,3月24日,
佐賀,2002,2002/3/17,3月24日,
佐賀,2003,2003/3/21,3月24日,
佐賀,2004,2004/3/23,3月24日,
佐賀,2005,2005/3/31,3月24日,
佐賀,2006,2006/3/23,3月24日,
佐賀,2007,2007/3/24,3月24日,
佐賀,2008,2008/3/24,3月24日,
佐賀,2009,2009/3/19,3月24日,
佐賀,2010,2010/3/21,3月24日,
大分,2001,2001/3/23,3月24日,
大分,2002,2002/3/17,3月24日,
大分,2003,2003/3/24,3月24日,
大分,2004,2004/3/19,3月24日,
大分,2005,2005/3/31,3月24日,
大分,2006,2006/3/23,3月24日,
大分,2007,2007/3/22,3月24日,
大分,2008,2008/3/24,3月24日,
大分,2009,2009/3/17,3月24日,
大分,2010,2010/3/17,3月24日,
長崎,2001,2001/3/22,3月23日,
長崎,2002,2002/3/19,3月23日,
長崎,2003,2003/3/19,3月23日,
長崎,2004,2004/3/23,3月23日,
長崎,2005,2005/4/1,3月23日,
長崎,2006,2006/3/22,3月23日,
長崎,2007,2007/3/24,3月23日,
長崎,2008,2008/3/24,3月23日,
長崎,2009,2009/3/21,3月23日,
長崎,2010,2010/3/18,3月23日,
熊本,2001,2001/3/23,3月22日,
熊本,2002,2002/3/16,3月22日,
熊本,2003,2003/3/20,3月22日,
熊本,2004,2004/3/24,3月22日,
熊本,2005,2005/4/1,3月22日,
熊本,2006,2006/3/20,3月22日,
熊本,2007,2007/3/23,3月22日,
熊本,2008,2008/3/22,3月22日,
熊本,2009,2009/3/16,3月22日,
熊本,2010,2010/3/16,3月22日,
鹿児島,2001,2001/3/30,3月26日,
鹿児島,2002,2002/3/27,3月26日,
鹿児島,2003,2003/3/24,3月26日,
鹿児島,2004,2004/3/29,3月26日,
鹿児島,2005,2005/4/3,3月26日,
鹿児島,2006,2006/3/20,3月26日,
鹿児島,2007,2007/3/30,3月26日,
鹿児島,2008,2008/3/28,3月26日,
鹿児島,2009,2009/3/19,3月26日,
鹿児島,2010,2010/3/23,3月26日,
宮崎,2001,2001/3/22,3月23日,
宮崎,2002,2002/3/18,3月23日,
宮崎,2003,2003/3/23,3月23日,
宮崎,2004,2004/3/26,3月23日,
宮崎,2005,2005/3/28,3月23日,
宮崎,2006,2006/3/18,3月23日,
宮崎,2007,2007/3/26,3月23日,
宮崎,2008,2008/3/26,3月23日,
宮崎,2009,2009/3/16,3月23日,
宮崎,2010,2010/3/17,3月23日,
名瀬,2001,2001/1/26,1月20日,ひかんざくら
名瀬,2002,2002/1/17,1月20日,ひかんざくら
名瀬,2003,2003/1/1,1月20日,ひかんざくら
名瀬,2004,2004/1/20,1月20日,ひかんざくら
名瀬,2005,2005/1/25,1月20日,ひかんざくら
名瀬,2006,2006/1/16,1月20日,ひかんざくら
名瀬,2007,2007/1/29,1月20日,ひかんざくら
名瀬,2008,2008/1/21,1月20日,ひかんざくら
名瀬,2009,2009/1/22,1月20日,ひかんざくら
名瀬,2010,2010/1/22,1月20日,ひかんざくら
石垣島,2001,2001/1/9,1月18日,ひかんざくら
石垣島,2002,2002/1/4,1月18日,ひかんざくら
石垣島,2003,2003/1/31,1月18日,ひかんざくら
石垣島,2004,2004/1/15,1月18日,ひかんざくら
石垣島,2005,2005/1/7,1月18日,ひかんざくら
石垣島,2006,2006/1/15,1月18日,ひかんざくら
石垣島,2007,2007/2/5,1月18日,ひかんざくら
石垣島,2008,2008/1/27,1月18日,ひかんざくら
石垣島,2009,2009/1/19,1月18日,ひかんざくら
石垣島,2010,2010/1/15,1月18日,ひかんざくら
南大東島,2001,2001/1/16,1月20日,ひかんざくら
南大東島,2002,2002/1/4,1月20日,ひかんざくら
南大東島,2003,2003/1/12,1月20日,ひかんざくら
南大東島,2004,2004/1/22,1月20日,ひかんざくら
南大東島,2005,2005/2/3,1月20日,ひかんざくら
南大東島,2006,2006/1/15,1月20日,ひかんざくら
南大東島,2007,2007/2/2,1月20日,ひかんざくら
南大東島,2008,2008/1/25,1月20日,ひかんざくら
南大東島,2009,2009/1/25,1月20日,ひかんざくら
南大東島,2010,2010/1/26,1月20日,ひかんざくら
稚内,2011,2011/5/19,5月13日,えぞやまざくら
稚内,2012,2012/5/14,5月13日,えぞやまざくら
稚内,2013,2013/5/26,5月13日,えぞやまざくら
稚内,2014,2014/5/11,5月13日,えぞやまざくら
稚内,2015,2015/5/3,5月13日,えぞやまざくら
稚内,2016,2016/5/13,5月13日,えぞやまざくら
稚内,2017,2017/5/9,5月13日,えぞやまざくら
稚内,2018,2018/5/12,5月13日,えぞやまざくら
稚内,2019,2019/5/7,5月13日,えぞやまざくら
稚内,2020,2020/5/10,5月13日,えぞやまざくら
旭川,2011,2011/5/9,5月4日,えぞやまざくら
旭川,2012,2012/5/2,5月4日,えぞやまざくら
旭川,2013,2013/5/18,5月4日,えぞやまざくら
旭川,2014,2014/5/2,5月4日,えぞやまざくら
旭川,2015,2015/4/27,5月4日,えぞやまざくら
旭川,2016,2016/5/3,5月4日,えぞやまざくら
旭川,2017,2017/5/3,5月4日,えぞやまざくら
旭川,2018,2018/4/30,5月4日,えぞやまざくら
旭川,2019,2019/5/1,5月4日,えぞやまざくら
旭川,2020,2020/5/3,5月4日,えぞやまざくら
網走,2011,2011/5/16,5月10日,えぞやまざくら
網走,2012,2012/5/3,5月10日,えぞやまざくら
網走,2013,2013/5/25,5月10日,えぞやまざくら
網走,2014,2014/5/7,5月10日,えぞやまざくら
網走,2015,2015/4/30,5月10日,えぞやまざくら
網走,2016,2016/5/8,5月10日,えぞやまざくら
網走,2017,2017/5/5,5月10日,えぞやまざくら
網走,2018,2018/5/2,5月10日,えぞやまざくら
網走,2019,2019/5/5,5月10日,えぞやまざくら
網走,2020,2020/5/7,5月10日,えぞやまざくら
札幌,2011,2011/5/7,5月1日,
札幌,2012,2012/5/1,5月1日,
札幌,2013,2013/5/13,5月1日,
札幌,2014,2014/4/29,5月1日,
札幌,2015,2015/4/22,5月1日,
札幌,2016,2016/4/25,5月1日,
札幌,2017,2017/4/28,5月1日,
札幌,2018,2018/4/26,5月1日,
札幌,2019,2019/4/24,5月1日,
札幌,2020,2020/4/30,5月1日,
帯広,2011,2011/5/3,5月2日,えぞやまざくら
帯広,2012,2012/5/5,5月2日,えぞやまざくら
帯広,2013,2013/5/10,5月2日,えぞやまざくら
帯広,2014,2014/4/27,5月2日,えぞやまざくら
帯広,2015,2015/4/26,5月2日,えぞやまざくら
帯広,2016,2016/4/30,5月2日,えぞやまざくら
帯広,2017,2017/5/1,5月2日,えぞやまざくら
帯広,2018,2018/4/27,5月2日,えぞやまざくら
帯広,2019,2019/4/28,5月2日,えぞやまざくら
帯広,2020,2020/5/2,5月2日,えぞやまざくら
釧路,2011,2011/5/18,5月16日,えぞやまざくら
釧路,2012,2012/5/17,5月16日,えぞやまざくら
釧路,2013,2013/5/23,5月16日,えぞやまざくら
釧路,2014,2014/5/12,5月16日,えぞやまざくら
釧路,2015,2015/5/6,5月16日,えぞやまざくら
釧路,2016,2016/5/10,5月16日,えぞやまざくら
釧路,2017,2017/5/14,5月16日,えぞやまざくら
釧路,2018,2018/5/12,5月16日,えぞやまざくら
釧路,2019,2019/5/9,5月16日,えぞやまざくら
釧路,2020,2020/5/10,5月16日,えぞやまざくら
室蘭,2011,2011/5/6,5月4日,
室蘭,2012,2012/5/9,5月4日,
室蘭,2013,2013/5/16,5月4日,
室蘭,2014,2014/4/29,5月4日,
室蘭,2015,2015/4/28,5月4日,
室蘭,2016,2016/4/25,5月4日,
室蘭,2017,2017/5/2,5月4日,
室蘭,2018,2018/4/29,5月4日,
室蘭,2019,2019/4/29,5月4日,
室蘭,2020,2020/5/1,5月4日,
函館,2011,2011/5/2,4月28日,
函館,2012,2012/5/2,4月28日,
函館,2013,2013/5/8,4月28日,
函館,2014,2014/4/28,4月28日,
函館,2015,2015/4/21,4月28日,
函館,2016,2016/4/24,4月28日,
函館,2017,2017/4/27,4月28日,
函館,2018,2018/4/25,4月28日,
函館,2019,2019/4/24,4月28日,
函館,2020,2020/4/26,4月28日,
青森,2011,2011/4/25,4月22日,
青森,2012,2012/4/29,4月22日,
青森,2013,2013/4/29,4月22日,
青森,2014,2014/4/22,4月22日,
青森,2015,2015/4/14,4月22日,
青森,2016,2016/4/17,4月22日,
青森,2017,2017/4/17,4月22日,
青森,2018,2018/4/19,4月22日,
青森,2019,2019/4/18,4月22日,
青森,2020,2020/4/17,4月22日,
秋田,2011,2011/4/23,4月17日,
秋田,2012,2012/4/24,4月17日,
秋田,2013,2013/4/23,4月17日,
秋田,2014,2014/4/20,4月17日,
秋田,2015,2015/4/11,4月17日,
秋田,2016,2016/4/14,4月17日,
秋田,2017,2017/4/16,4月17日,
秋田,2018,2018/4/17,4月17日,
秋田,2019,2019/4/16,4月17日,
秋田,2020,2020/4/8,4月17日,
盛岡,2011,2011/4/20,4月18日,
盛岡,2012,2012/4/24,4月18日,
盛岡,2013,2013/4/23,4月18日,
盛岡,2014,2014/4/13,4月18日,
盛岡,2015,2015/4/9,4月18日,
盛岡,2016,2016/4/11,4月18日,
盛岡,2017,2017/4/17,4月18日,
盛岡,2018,2018/4/17,4月18日,
盛岡,2019,2019/4/18,4月18日,
盛岡,2020,2020/4/14,4月18日,
山形,2011,2011/4/18,4月13日,
山形,2012,2012/4/23,4月13日,
山形,2013,2013/4/15,4月13日,
山形,2014,2014/4/14,4月13日,
山形,2015,2015/4/10,4月13日,
山形,2016,2016/4/6,4月13日,
山形,2017,2017/4/14,4月13日,
山形,2018,2018/4/4,4月13日,
山形,2019,2019/4/12,4月13日,
山形,2020,2020/4/3,4月13日,
仙台,2011,2011/4/12,4月8日,
仙台,2012,2012/4/18,4月8日,
仙台,2013,2013/4/9,4月8日,
仙台,2014,2014/4/7,4月8日,
仙台,2015,2015/4/3,4月8日,
仙台,2016,2016/4/1,4月8日,
仙台,2017,2017/4/7,4月8日,
仙台,2018,2018/3/30,4月8日,
仙台,2019,2019/4/5,4月8日,
仙台,2020,2020/3/28,4月8日,
福島,2011,2011/4/12,4月7日,
福島,2012,2012/4/16,4月7日,
福島,2013,2013/4/5,4月7日,
福島,2014,2014/4/8,4月7日,
福島,2015,2015/4/2,4月7日,
福島,2016,2016/3/30,4月7日,
福島,2017,2017/4/8,4月7日,
福島,2018,2018/3/29,4月7日,
福島,2019,2019/4/5,4月7日,
福島,2020,2020/3/28,4月7日,
新潟,2011,2011/4/14,4月8日,
新潟,2012,2012/4/16,4月8日,
新潟,2013,2013/4/7,4月8日,
新潟,2014,2014/4/7,4月8日,
新潟,2015,2015/4/2,4月8日,
新潟,2016,2016/4/3,4月8日,
新潟,2017,2017/4/8,4月8日,
新潟,2018,2018/4/3,4月8日,
新潟,2019,2019/4/5,4月8日,
新潟,2020,2020/4/1,4月8日,
金沢,2011,2011/4/7,4月3日,
金沢,2012,2012/4/10,4月3日,
金沢,2013,2013/3/30,4月3日,
金沢,2014,2014/4/1,4月3日,
金沢,2015,2015/3/31,4月3日,
金沢,2016,2016/3/30,4月3日,
金沢,2017,2017/4/4,4月3日,
金沢,2018,2018/3/29,4月3日,
金沢,2019,2019/4/1,4月3日,
金沢,2020,2020/3/26,4月3日,
富山,2011,2011/4/8,4月3日,
富山,2012,2012/4/12,4月3日,
富山,2013,2013/3/29,4月3日,
富山,2014,2014/4/2,4月3日,
富山,2015,2015/4/1,4月3日,
富山,2016,2016/3/29,4月3日,
富山,2017,2017/4/5,4月3日,
富山,2018,2018/3/27,4月3日,
富山,2019,2019/3/28,4月3日,
富山,2020,2020/3/27,4月3日,
長野,2011,2011/4/15,4月11日,
長野,2012,2012/4/18,4月11日,
長野,2013,2013/4/6,4月11日,
長野,2014,2014/4/11,4月11日,
長野,2015,2015/4/4,4月11日,
長野,2016,2016/4/3,4月11日,
長野,2017,2017/4/14,4月11日,
長野,2018,2018/4/2,4月11日,
長野,2019,2019/4/13,4月11日,
長野,2020,2020/4/2,4月11日,
宇都宮,2011,2011/4/6,3月30日,
宇都宮,2012,2012/4/8,3月30日,
宇都宮,2013,2013/3/21,3月30日,
宇都宮,2014,2014/3/29,3月30日,
宇都宮,2015,2015/3/30,3月30日,
宇都宮,2016,2016/3/28,3月30日,
宇都宮,2017,2017/4/3,3月30日,
宇都宮,2018,2018/3/26,3月30日,
宇都宮,2019,2019/3/28,3月30日,
宇都宮,2020,2020/3/21,3月30日,
福井,2011,2011/4/7,4月1日,
福井,2012,2012/4/10,4月1日,
福井,2013,2013/3/28,4月1日,
福井,2014,2014/3/31,4月1日,
福井,2015,2015/3/31,4月1日,
福井,2016,2016/3/27,4月1日,
福井,2017,2017/4/5,4月1日,
福井,2018,2018/3/29,4月1日,
福井,2019,2019/3/28,4月1日,
福井,2020,2020/3/25,4月1日,
前橋,2011,2011/4/3,3月29日,
前橋,2012,2012/4/8,3月29日,
前橋,2013,2013/3/22,3月29日,
前橋,2014,2014/3/29,3月29日,
前橋,2015,2015/3/28,3月29日,
前橋,2016,2016/3/23,3月29日,
前橋,2017,2017/4/2,3月29日,
前橋,2018,2018/3/25,3月29日,
前橋,2019,2019/3/27,3月29日,
前橋,2020,2020/3/19,3月29日,
熊谷,2011,2011/4/1,3月27日,
熊谷,2012,2012/4/4,3月27日,
熊谷,2013,2013/3/19,3月27日,
熊谷,2014,2014/3/28,3月27日,
熊谷,2015,2015/3/27,3月27日,
熊谷,2016,2016/3/23,3月27日,
熊谷,2017,2017/3/28,3月27日,
熊谷,2018,2018/3/22,3月27日,
熊谷,2019,2019/3/25,3月27日,
熊谷,2020,2020/3/18,3月27日,
水戸,2011,2011/4/6,3月30日,
水戸,2012,2012/4/6,3月30日,
水戸,2013,2013/3/21,3月30日,
水戸,2014,2014/3/29,3月30日,
水戸,2015,2015/3/30,3月30日,
水戸,2016,2016/3/28,3月30日,
水戸,2017,2017/4/3,3月30日,
水戸,2018,2018/3/25,3月30日,
水戸,2019,2019/3/27,3月30日,
水戸,2020,2020/3/21,3月30日,
岐阜,2011,2011/3/28,3月25日,
岐阜,2012,2012/3/30,3月25日,
岐阜,2013,2013/3/21,3月25日,
岐阜,2014,2014/3/24,3月25日,
岐阜,2015,2015/3/23,3月25日,
岐阜,2016,2016/3/20,3月25日,
岐阜,2017,2017/3/28,3月25日,
岐阜,2018,2018/3/19,3月25日,
岐阜,2019,2019/3/22,3月25日,
岐阜,2020,2020/3/21,3月25日,
名古屋,2011,2011/3/27,3月24日,
名古屋,2012,2012/3/30,3月24日,
名古屋,2013,2013/3/19,3月24日,
名古屋,2014,2014/3/24,3月24日,
名古屋,2015,2015/3/21,3月24日,
名古屋,2016,2016/3/19,3月24日,
名古屋,2017,2017/3/28,3月24日,
名古屋,2018,2018/3/19,3月24日,
名古屋,2019,2019/3/22,3月24日,
名古屋,2020,2020/3/22,3月24日,
甲府,2011,2011/3/29,3月25日,
甲府,2012,2012/4/1,3月25日,
甲府,2013,2013/3/19,3月25日,
甲府,2014,2014/3/28,3月25日,
甲府,2015,2015/3/25,3月25日,
甲府,2016,2016/3/23,3月25日,
甲府,2017,2017/3/30,3月25日,
甲府,2018,2018/3/23,3月25日,
甲府,2019,2019/3/27,3月25日,
甲府,2020,2020/3/22,3月25日,
銚子,2011,2011/4/4,3月30日,
銚子,2012,2012/4/2,3月30日,
銚子,2013,2013/3/21,3月30日,
銚子,2014,2014/3/29,3月30日,
銚子,2015,2015/3/30,3月30日,
銚子,2016,2016/4/1,3月30日,
銚子,2017,2017/4/1,3月30日,
銚子,2018,2018/3/20,3月30日,
銚子,2019,2019/3/25,3月30日,
銚子,2020,2020/3/27,3月30日,
津,2011,2011/4/1,3月29日,
津,2012,2012/4/4,3月29日,
津,2013,2013/3/25,3月29日,
津,2014,2014/3/27,3月29日,
津,2015,2015/3/29,3月29日,
津,2016,2016/3/28,3月29日,
津,2017,2017/4/3,3月29日,
津,2018,2018/3/26,3月29日,
津,2019,2019/3/28,3月29日,
津,2020,2020/3/25,3月29日,
静岡,2011,2011/3/20,3月24日,
静岡,2012,2012/3/24,3月24日,
静岡,2013,2013/3/17,3月24日,
静岡,2014,2014/3/24,3月24日,
静岡,2015,2015/3/22,3月24日,
静岡,2016,2016/3/27,3月24日,
静岡,2017,2017/4/2,3月24日,
静岡,2018,2018/3/18,3月24日,
静岡,2019,2019/3/28,3月24日,
静岡,2020,2020/3/27,3月24日,
東京,2011,2011/3/28,3月24日,
東京,2012,2012/3/31,3月24日,
東京,2013,2013/3/16,3月24日,
東京,2014,2014/3/25,3月24日,
東京,2015,2015/3/23,3月24日,
東京,2016,2016/3/21,3月24日,
東京,2017,2017/3/21,3月24日,
東京,2018,2018/3/17,3月24日,
東京,2019,2019/3/21,3月24日,
東京,2020,2020/3/14,3月24日,
横浜,2011,2011/3/30,3月25日,
横浜,2012,2012/4/2,3月25日,
横浜,2013,2013/3/18,3月25日,
横浜,2014,2014/3/25,3月25日,
横浜,2015,2015/3/23,3月25日,
横浜,2016,2016/3/23,3月25日,
横浜,2017,2017/3/25,3月25日,
横浜,2018,2018/3/19,3月25日,
横浜,2019,2019/3/21,3月25日,
横浜,2020,2020/3/18,3月25日,
松江,2011,2011/4/6,3月29日,
松江,2012,2012/4/6,3月29日,
松江,2013,2013/3/23,3月29日,
松江,2014,2014/3/27,3月29日,
松江,2015,2015/3/29,3月29日,
松江,2016,2016/3/23,3月29日,
松江,2017,2017/4/1,3月29日,
松江,2018,2018/3/26,3月29日,
松江,2019,2019/3/26,3月29日,
松江,2020,2020/3/23,3月29日,
鳥取,2011,2011/4/2,3月29日,
鳥取,2012,2012/4/3,3月29日,
鳥取,2013,2013/3/20,3月29日,
鳥取,2014,2014/3/27,3月29日,
鳥取,2015,2015/3/28,3月29日,
鳥取,2016,2016/3/23,3月29日,
鳥取,2017,2017/4/2,3月29日,
鳥取,2018,2018/3/24,3月29日,
鳥取,2019,2019/3/26,3月29日,
鳥取,2020,2020/3/23,3月29日,
京都,2011,2011/3/28,3月26日,
京都,2012,2012/4/3,3月26日,
京都,2013,2013/3/22,3月26日,
京都,2014,2014/3/27,3月26日,
京都,2015,2015/3/27,3月26日,
京都,2016,2016/3/23,3月26日,
京都,2017,2017/3/31,3月26日,
京都,2018,2018/3/22,3月26日,
京都,2019,2019/3/27,3月26日,
京都,2020,2020/3/22,3月26日,
彦根,2011,2011/4/1,4月1日,
彦根,2012,2012/4/8,4月1日,
彦根,2013,2013/3/30,4月1日,
彦根,2014,2014/4/2,4月1日,
彦根,2015,2015/3/31,4月1日,
彦根,2016,2016/3/30,4月1日,
彦根,2017,2017/4/5,4月1日,
彦根,2018,2018/3/27,4月1日,
彦根,2019,2019/4/4,4月1日,
彦根,2020,2020/3/27,4月1日,
広島,2011,2011/4/1,3月25日,
広島,2012,2012/4/2,3月25日,
広島,2013,2013/3/22,3月25日,
広島,2014,2014/3/25,3月25日,
広島,2015,2015/3/24,3月25日,
広島,2016,2016/3/23,3月25日,
広島,2017,2017/3/27,3月25日,
広島,2018,2018/3/22,3月25日,
広島,2019,2019/3/22,3月25日,
広島,2020,2020/3/22,3月25日,
岡山,2011,2011/3/31,3月28日,
岡山,2012,2012/4/3,3月28日,
岡山,2013,2013/3/24,3月28日,
岡山,2014,2014/3/28,3月28日,
岡山,2015,2015/3/28,3月28日,
岡山,2016,2016/3/26,3月28日,
岡山,2017,2017/4/1,3月28日,
岡山,2018,2018/3/25,3月28日,
岡山,2019,2019/3/27,3月28日,
岡山,2020,2020/3/24,3月28日,
神戸,2011,2011/3/31,3月27日,
神戸,2012,2012/4/2,3月27日,
神戸,2013,2013/3/21,3月27日,
神戸,2014,2014/3/27,3月27日,
神戸,2015,2015/3/27,3月27日,
神戸,2016,2016/3/26,3月27日,
神戸,2017,2017/4/3,3月27日,
神戸,2018,2018/3/23,3月27日,
神戸,2019,2019/3/27,3月27日,
神戸,2020,2020/3/26,3月27日,
大阪,2011,2011/3/31,3月27日,
大阪,2012,2012/4/2,3月27日,
大阪,2013,2013/3/21,3月27日,
大阪,2014,2014/3/27,3月27日,
大阪,2015,2015/3/26,3月27日,
大阪,2016,2016/3/23,3月27日,
大阪,2017,2017/3/30,3月27日,
大阪,2018,2018/3/20,3月27日,
大阪,2019,2019/3/27,3月27日,
大阪,2020,2020/3/23,3月27日,
和歌山,2011,2011/3/27,3月24日,
和歌山,2012,2012/3/30,3月24日,
和歌山,2013,2013/3/18,3月24日,
和歌山,2014,2014/3/26,3月24日,
和歌山,2015,2015/3/23,3月24日,
和歌山,2016,2016/3/22,3月24日,
和歌山,2017,2017/3/30,3月24日,
和歌山,2018,2018/3/20,3月24日,
和歌山,2019,2019/3/25,3月24日,
和歌山,2020,2020/3/22,3月24日,
奈良,2011,2011/3/31,3月28日,
奈良,2012,2012/4/3,3月28日,
奈良,2013,2013/3/22,3月28日,
奈良,2014,2014/3/27,3月28日,
奈良,2015,2015/3/27,3月28日,
奈良,2016,2016/3/23,3月28日,
奈良,2017,2017/4/3,3月28日,
奈良,2018,2018/3/24,3月28日,
奈良,2019,2019/3/29,3月28日,
奈良,2020,2020/3/26,3月28日,
松山,2011,2011/3/25,3月24日,
松山,2012,2012/3/30,3月24日,
松山,2013,2013/3/17,3月24日,
松山,2014,2014/3/24,3月24日,
松山,2015,2015/3/27,3月24日,
松山,2016,2016/3/23,3月24日,
松山,2017,2017/3/30,3月24日,
松山,2018,2018/3/19,3月24日,
松山,2019,2019/3/22,3月24日,
松山,2020,2020/3/25,3月24日,
高松,2011,2011/3/31,3月27日,
高松,2012,2012/4/2,3月27日,
高松,2013,2013/3/22,3月27日,
高松,2014,2014/3/26,3月27日,
高松,2015,2015/3/24,3月27日,
高松,2016,2016/3/26,3月27日,
高松,2017,2017/4/2,3月27日,
高松,2018,2018/3/24,3月27日,
高松,2019,2019/3/26,3月27日,
高松,2020,2020/3/23,3月27日,
高知,2011,2011/3/22,3月22日,
高知,2012,2012/3/21,3月22日,
高知,2013,2013/3/15,3月22日,
高知,2014,2014/3/18,3月22日,
高知,2015,2015/3/22,3月22日,
高知,2016,2016/3/24,3月22日,
高知,2017,2017/3/29,3月22日,
高知,2018,2018/3/15,3月22日,
高知,2019,2019/3/22,3月22日,
高知,2020,2020/3/24,3月22日,
徳島,2011,2011/3/31,3月28日,
徳島,2012,2012/4/1,3月28日,
徳島,2013,2013/3/24,3月28日,
徳島,2014,2014/3/29,3月28日,
徳島,2015,2015/3/28,3月28日,
徳島,2016,2016/3/30,3月28日,
徳島,2017,2017/4/3,3月28日,
徳島,2018,2018/3/23,3月28日,
徳島,2019,2019/3/28,3月28日,
徳島,2020,2020/3/27,3月28日,
下関,2011,2011/3/30,3月26日,
下関,2012,2012/3/30,3月26日,
下関,2013,2013/3/19,3月26日,
下関,2014,2014/3/25,3月26日,
下関,2015,2015/3/25,3月26日,
下関,2016,2016/3/28,3月26日,
下関,2017,2017/3/29,3月26日,
下関,2018,2018/3/23,3月26日,
下関,2019,2019/3/25,3月26日,
下関,2020,2020/3/24,3月26日,
福岡,2011,2011/3/22,3月22日,
福岡,2012,2012/3/27,3月22日,
福岡,2013,2013/3/13,3月22日,
福岡,2014,2014/3/19,3月22日,
福岡,2015,2015/3/22,3月22日,
福岡,2016,2016/3/19,3月22日,
福岡,2017,2017/3/25,3月22日,
福岡,2018,2018/3/19,3月22日,
福岡,2019,2019/3/21,3月22日,
福岡,2020,2020/3/21,3月22日,
佐賀,2011,2011/3/22,3月24日,
佐賀,2012,2012/3/28,3月24日,
佐賀,2013,2013/3/18,3月24日,
佐賀,2014,2014/3/19,3月24日,
佐賀,2015,2015/3/22,3月24日,
佐賀,2016,2016/3/23,3月24日,
佐賀,2017,2017/3/30,3月24日,
佐賀,2018,2018/3/20,3月24日,
佐賀,2019,2019/3/23,3月24日,
佐賀,2020,2020/3/23,3月24日,
大分,2011,2011/3/23,3月24日,
大分,2012,2012/3/27,3月24日,
大分,2013,2013/3/14,3月24日,
大分,2014,2014/3/25,3月24日,
大分,2015,2015/3/26,3月24日,
大分,2016,2016/3/28,3月24日,
大分,2017,2017/4/4,3月24日,
大分,2018,2018/3/23,3月24日,
大分,2019,2019/3/24,3月24日,
大分,2020,2020/3/25,3月24日,
長崎,2011,2011/3/23,3月23日,
長崎,2012,2012/3/26,3月23日,
長崎,2013,2013/3/16,3月23日,
長崎,2014,2014/3/20,3月23日,
長崎,2015,2015/3/22,3月23日,
長崎,2016,2016/3/22,3月23日,
長崎,2017,2017/3/30,3月23日,
長崎,2018,2018/3/17,3月23日,
長崎,2019,2019/3/20,3月23日,
長崎,2020,2020/3/24,3月23日,
熊本,2011,2011/3/21,3月22日,
熊本,2012,2012/3/25,3月22日,
熊本,2013,2013/3/16,3月22日,
熊本,2014,2014/3/20,3月22日,
熊本,2015,2015/3/21,3月22日,
熊本,2016,2016/3/22,3月22日,
熊本,2017,2017/4/1,3月22日,
熊本,2018,2018/3/17,3月22日,
熊本,2019,2019/3/26,3月22日,
熊本,2020,2020/3/23,3月22日,
鹿児島,2011,2011/3/23,3月26日,
鹿児島,2012,2012/3/26,3月26日,
鹿児島,2013,2013/3/15,3月26日,
鹿児島,2014,2014/3/20,3月26日,
鹿児島,2015,2015/3/21,3月26日,
鹿児島,2016,2016/3/27,3月26日,
鹿児島,2017,2017/4/5,3月26日,
鹿児島,2018,2018/3/17,3月26日,
鹿児島,2019,2019/3/25,3月26日,
鹿児島,2020,2020/4/1,3月26日,
宮崎,2011,2011/3/23,3月23日,
宮崎,2012,2012/3/24,3月23日,
宮崎,2013,2013/3/13,3月23日,
宮崎,2014,2014/3/19,3月23日,
宮崎,2015,2015/3/22,3月23日,
宮崎,2016,2016/3/24,3月23日,
宮崎,2017,2017/4/2,3月23日,
宮崎,2018,2018/3/16,3月23日,
宮崎,2019,2019/3/22,3月23日,
宮崎,2020,2020/3/25,3月23日,
名瀬,2011,2011/1/30,1月20日,ひかんざくら
名瀬,2012,2012/1/20,1月20日,ひかんざくら
名瀬,2013,2013/1/14,1月20日,ひかんざくら
名瀬,2014,2014/1/16,1月20日,ひかんざくら
名瀬,2015,2015/1/20,1月20日,ひかんざくら
名瀬,2016,2016/1/18,1月20日,ひかんざくら
名瀬,2017,2017/1/31,1月20日,ひかんざくら
名瀬,2018,2018/1/22,1月20日,ひかんざくら
名瀬,2019,2019/1/23,1月20日,ひかんざくら
名瀬,2020,2020/1/23,1月20日,ひかんざくら
宮古島,2011,2011/1/17,1月17日,ひかんざくら
宮古島,2012,2012/1/18,1月17日,ひかんざくら
宮古島,2013,2013/1/19,1月17日,ひかんざくら
宮古島,2014,2014/1/16,1月17日,ひかんざくら
宮古島,2015,2015/1/22,1月17日,ひかんざくら
宮古島,2016,2016/2/4,1月17日,ひかんざくら
宮古島,2017,2017/1/30,1月17日,ひかんざくら
宮古島,2018,2018/1/23,1月17日,ひかんざくら
宮古島,2019,2019/1/7,1月17日,ひかんざくら
宮古島,2020,2020/2/7,1月17日,ひかんざくら
南大東島,2011,2011/1/24,1月20日,ひかんざくら
南大東島,2012,2012/1/17,1月20日,ひかんざくら
南大東島,2013,2013/1/7,1月20日,ひかんざくら
南大東島,2014,2014/1/7,1月20日,ひかんざくら
南大東島,2015,2015/1/15,1月20日,ひかんざくら
南大東島,2016,2016/2/9,1月20日,ひかんざくら
南大東島,2017,2017/1/27,1月20日,ひかんざくら
南大東島,2018,2018/1/7,1月20日,ひかんざくら
南大東島,2019,2019/1/25,1月20日,ひかんざくら
南大東島,2020,2020/2/6,1月20日,ひかんざくら
稚内,2021,2021/5/8,5月13日,えぞやまざくら
稚内,2022,2022/5/6,5月13日,えぞやまざくら
稚内,2023,2023/5/3,5月13日,えぞやまざくら
稚内,2024,2024/5/1,5月13日,えぞやまざくら
稚内,2025,2025/5/7,5月13日,えぞやまざくら
旭川,2021,2021/4/29,5月4日,えぞやまざくら
旭川,2022,2022/4/26,5月4日,えぞやまざくら
旭川,2023,2023/4/25,5月4日,えぞやまざくら
旭川,2024,2024/4/24,5月4日,えぞやまざくら
旭川,2025,2025/4/30,5月4日,えぞやまざくら
網走,2021,2021/5/6,5月10日,えぞやまざくら
網走,2022,2022/4/27,5月10日,えぞやまざくら
網走,2023,2023/4/28,5月10日,えぞやまざくら
網走,2024,2024/4/28,5月10日,えぞやまざくら
網走,2025,2025/5/8,5月10日,えぞやまざくら
札幌,2021,2021/4/22,5月1日,
札幌,2022,2022/4/23,5月1日,
札幌,2023,2023/4/15,5月1日,
札幌,2024,2024/4/18,5月1日,
札幌,2025,2025/4/23,5月1日,
帯広,2021,2021/4/24,5月2日,えぞやまざくら
帯広,2022,2022/4/22,5月2日,えぞやまざくら
帯広,2023,2023/4/20,5月2日,えぞやまざくら
帯広,2024,2024/4/23,5月2日,えぞやまざくら
帯広,2025,2025/4/28,5月2日,えぞやまざくら
釧路,2021,2021/5/8,5月16日,えぞやまざくら
釧路,2022,2022/5/8,5月16日,えぞやまざくら
釧路,2023,2023/5/1,5月16日,えぞやまざくら
釧路,2024,2024/5/3,5月16日,えぞやまざくら
釧路,2025,2025/5/7,5月16日,えぞやまざくら
室蘭,2021,2021/4/27,5月4日,
室蘭,2022,2022/4/25,5月4日,
室蘭,2023,2023/4/21,5月4日,
室蘭,2024,2024/4/26,5月4日,
室蘭,2025,2025/4/26,5月4日,
函館,2021,2021/4/20,4月28日,
函館,2022,2022/4/21,4月28日,
函館,2023,2023/4/14,4月28日,
函館,2024,2024/4/18,4月28日,
函館,2025,2025/4/23,4月28日,
青森,2021,2021/4/13,4月22日,
青森,2022,2022/4/16,4月22日,
青森,2023,2023/4/7,4月22日,
青森,2024,2024/4/15,4月22日,
青森,2025,2025/4/17,4月22日,
秋田,2021,2021/4/4,4月17日,
秋田,2022,2022/4/12,4月17日,
秋田,2023,2023/4/4,4月17日,
秋田,2024,2024/4/10,4月17日,
秋田,2025,2025/4/15,4月17日,
盛岡,2021,2021/4/9,4月18日,
盛岡,2022,2022/4/14,4月18日,
盛岡,2023,2023/4/3,4月18日,
盛岡,2024,2024/4/12,4月18日,
盛岡,2025,2025/4/16,4月18日,
山形,2021,2021/4/2,4月13日,
山形,2022,2022/4/11,4月13日,
山形,2023,2023/3/31,4月13日,
山形,2024,2024/4/7,4月13日,
山形,2025,2025/4/9,4月13日,
仙台,2021,2021/3/28,4月8日,
仙台,2022,2022/4/8,4月8日,
仙台,2023,2023/3/26,4月8日,
仙台,2024,2024/4/2,4月8日,
仙台,2025,2025/4/4,4月8日,
福島,2021,2021/3/25,4月7日,
福島,2022,2022/4/4,4月7日,
福島,2023,2023/3/24,4月7日,
福島,2024,2024/4/3,4月7日,
福島,2025,2025/4/4,4月7日,
新潟,2021,2021/3/29,4月8日,
新潟,2022,2022/4/8,4月8日,
新潟,2023,2023/3/27,4月8日,
新潟,2024,2024/4/6,4月8日,
新潟,2025,2025/4/6,4月8日,
金沢,2021,2021/3/23,4月3日,
金沢,2022,2022/3/30,4月3日,
金沢,2023,2023/3/23,4月3日,
金沢,2024,2024/4/1,4月3日,
金沢,2025,2025/3/29,4月3日,
富山,2021,2021/3/24,4月3日,
富山,2022,2022/4/1,4月3日,
富山,2023,2023/3/22,4月3日,
富山,2024,2024/4/2,4月3日,
富山,2025,2025/4/2,4月3日,
長野,2021,2021/3/29,4月11日,
長野,2022,2022/4/9,4月11日,
長野,2023,2023/3/28,4月11日,
長野,2024,2024/4/8,4月11日,
長野,2025,2025/4/8,4月11日,
宇都宮,2021,2021/3/20,3月30日,
宇都宮,2022,2022/3/27,3月30日,
宇都宮,2023,2023/3/20,3月30日,
宇都宮,2024,2024/3/31,3月30日,
宇都宮,2025,2025/3/28,3月30日,
福井,2021,2021/3/22,4月1日,
福井,2022,2022/3/31,4月1日,
福井,2023,2023/3/22,4月1日,
福井,2024,2024/4/1,4月1日,
福井,2025,2025/4/4,4月1日,
前橋,2021,2021/3/21,3月29日,
前橋,2022,2022/3/27,3月29日,
前橋,2023,2023/3/18,3月29日,
前橋,2024,2024/3/31,3月29日,
前橋,2025,2025/3/28,3月29日,
熊谷,2021,2021/3/19,3月27日,
熊谷,2022,2022/3/24,3月27日,
熊谷,2023,2023/3/17,3月27日,
熊谷,2024,2024/3/31,3月27日,
熊谷,2025,2025/3/27,3月27日,
水戸,2021,2021/3/20,3月30日,
水戸,2022,2022/3/30,3月30日,
水戸,2023,2023/3/20,3月30日,
水戸,2024,2024/3/31,3月30日,
水戸,2025,2025/3/27,3月30日,
岐阜,2021,2021/3/16,3月25日,
岐阜,2022,2022/3/21,3月25日,
岐阜,2023,2023/3/16,3月25日,
岐阜,2024,2024/3/27,3月25日,
岐阜,2025,2025/3/25,3月25日,
名古屋,2021,2021/3/17,3月24日,
名古屋,2022,2022/3/22,3月24日,
名古屋,2023,2023/3/17,3月24日,
名古屋,2024,2024/3/28,3月24日,
名古屋,2025,2025/3/26,3月24日,
甲府,2021,2021/3/18,3月25日,
甲府,2022,2022/3/21,3月25日,
甲府,2023,2023/3/17,3月25日,
甲府,2024,2024/3/29,3月25日,
甲府,2025,2025/3/26,3月25日,
銚子,2021,2021/3/22,3月30日,
銚子,2022,2022/3/27,3月30日,
銚子,2023,2023/3/22,3月30日,
銚子,2024,2024/4/1,3月30日,
銚子,2025,2025/3/27,3月30日,
津,2021,2021/3/20,3月29日,
津,2022,2022/3/26,3月29日,
津,2023,2023/3/22,3月29日,
津,2024,2024/3/30,3月29日,
津,2025,2025/3/28,3月29日,
静岡,2021,2021/3/20,3月24日,
静岡,2022,2022/3/21,3月24日,
静岡,2023,2023/3/19,3月24日,
静岡,2024,2024/3/30,3月24日,
静岡,2025,2025/3/26,3月24日,
東京,2021,2021/3/14,3月24日,
東京,2022,2022/3/20,3月24日,
東京,2023,2023/3/14,3月24日,
東京,2024,2024/3/29,3月24日,
東京,2025,2025/3/24,3月24日,
横浜,2021,2021/3/17,3月25日,
横浜,2022,2022/3/21,3月25日,
横浜,2023,2023/3/15,3月25日,
横浜,2024,2024/4/1,3月25日,
横浜,2025,2025/3/25,3月25日,
松江,2021,2021/3/14,3月29日,
松江,2022,2022/3/26,3月29日,
松江,2023,2023/3/20,3月29日,
松江,2024,2024/3/28,3月29日,
松江,2025,2025/3/27,3月29日,
鳥取,2021,2021/3/19,3月29日,
鳥取,2022,2022/3/27,3月29日,
鳥取,2023,2023/3/19,3月29日,
鳥取,2024,2024/3/29,3月29日,
鳥取,2025,2025/3/27,3月29日,
京都,2021,2021/3/16,3月26日,
京都,2022,2022/3/24,3月26日,
京都,2023,2023/3/17,3月26日,
京都,2024,2024/3/29,3月26日,
京都,2025,2025/3/27,3月26日,
彦根,2021,2021/3/22,4月1日,
彦根,2022,2022/3/31,4月1日,
彦根,2023,2023/3/23,4月1日,
彦根,2024,2024/4/2,4月1日,
彦根,2025,2025/4/4,4月1日,
広島,2021,2021/3/11,3月25日,
広島,2022,2022/3/21,3月25日,
広島,2023,2023/3/19,3月25日,
広島,2024,2024/3/25,3月25日,
広島,2025,2025/3/26,3月25日,
岡山,2021,2021/3/20,3月28日,
岡山,2022,2022/3/26,3月28日,
岡山,2023,2023/3/22,3月28日,
岡山,2024,2024/3/30,3月28日,
岡山,2025,2025/3/28,3月28日,
神戸,2021,2021/3/24,3月27日,
神戸,2022,2022/3/25,3月27日,
神戸,2023,2023/3/24,3月27日,
神戸,2024,2024/4/1,3月27日,
神戸,2025,2025/3/27,3月27日,
大阪,2021,2021/3/19,3月27日,
大阪,2022,2022/3/23,3月27日,
大阪,2023,2023/3/19,3月27日,
大阪,2024,2024/3/30,3月27日,
大阪,2025,2025/3/27,3月27日,
和歌山,2021,2021/3/18,3月24日,
和歌山,2022,2022/3/24,3月24日,
和歌山,2023,2023/3/20,3月24日,
和歌山,2024,2024/3/30,3月24日,
和歌山,2025,2025/3/26,3月24日,
奈良,2021,2021/3/21,3月28日,
奈良,2022,2022/3/25,3月28日,
奈良,2023,2023/3/20,3月28日,
奈良,2024,2024/3/31,3月28日,
奈良,2025,2025/3/28,3月28日,
松山,2021,2021/3/15,3月24日,
松山,2022,2022/3/21,3月24日,
松山,2023,2023/3/18,3月24日,
松山,2024,2024/3/27,3月24日,
松山,2025,2025/3/25,3月24日,
高松,2021,2021/3/15,3月27日,
高松,2022,2022/3/24,3月27日,
高松,2023,2023/3/22,3月27日,
高松,2024,2024/3/29,3月27日,
高松,2025,2025/3/26,3月27日,
高知,2021,2021/3/15,3月22日,
高知,2022,2022/3/19,3月22日,
高知,2023,2023/3/17,3月22日,
高知,2024,2024/3/23,3月22日,
高知,2025,2025/3/23,3月22日,
徳島,2021,2021/3/25,3月28日,
徳島,2022,2022/3/25,3月28日,
徳島,2023,2023/3/23,3月28日,
徳島,2024,2024/4/1,3月28日,
徳島,2025,2025/3/26,3月28日,
下関,2021,2021/3/16,3月26日,
下関,2022,2022/3/25,3月26日,
下関,2023,2023/3/22,3月26日,
下関,2024,2024/3/29,3月26日,
下関,2025,2025/3/26,3月26日,
福岡,2021,2021/3/12,3月22日,
福岡,2022,2022/3/17,3月22日,
福岡,2023,2023/3/18,3月22日,
福岡,2024,2024/3/27,3月22日,
福岡,2025,2025/3/25,3月22日,
佐賀,2021,2021/3/17,3月24日,
佐賀,2022,2022/3/19,3月24日,
佐賀,2023,2023/3/22,3月24日,
佐賀,2024,2024/3/29,3月24日,
佐賀,2025,2025/3/25,3月24日,
大分,2021,2021/3/18,3月24日,
大分,2022,2022/3/23,3月24日,
大分,2023,2023/3/24,3月24日,
大分,2024,2024/3/30,3月24日,
大分,2025,2025/3/25,3月24日,
長崎,2021,2021/3/14,3月23日,
長崎,2022,2022/3/22,3月23日,
長崎,2023,2023/3/21,3月23日,
長崎,2024,2024/3/26,3月23日,
長崎,2025,2025/3/24,3月23日,
熊本,2021,2021/3/17,3月22日,
熊本,2022,2022/3/20,3月22日,
熊本,2023,2023/3/22,3月22日,
熊本,2024,2024/3/26,3月22日,
熊本,2025,2025/3/23,3月22日,
鹿児島,2021,2021/3/17,3月26日,
鹿児島,2022,2022/3/20,3月26日,
鹿児島,2023,2023/3/24,3月26日,
鹿児島,2024,2024/3/29,3月26日,
鹿児島,2025,2025/3/24,3月26日,
宮崎,2021,2021/3/16,3月23日,
宮崎,2022,2022/3/18,3月23日,
宮崎,2023,2023/3/19,3月23日,
宮崎,2024,2024/3/25,3月23日,
宮崎,2025,2025/3/24,3月23日,
名瀬,2021,2021/1/25,1月20日,ひかんざくら
名瀬,2022,2022/1/18,1月20日,ひかんざくら
名瀬,2023,2023/1/20,1月20日,ひかんざくら
名瀬,2024,2024/1/17,1月20日,ひかんざくら
名瀬,2025,2025/1/21,1月20日,ひかんざくら
石垣島,2021,2021/1/27,1月18日,ひかんざくら
石垣島,2022,2022/1/27,1月18日,ひかんざくら
石垣島,2023,2023/2/3,1月18日,ひかんざくら
石垣島,2024,2024/1/22,1月18日,ひかんざくら
石垣島,2025,2025/1/22,1月18日,ひかんざくら
宮古島,2021,2021/1/16,1月17日,ひかんざくら
宮古島,2022,2022/1/19,1月17日,ひかんざくら
宮古島,2023,2023/1/15,1月17日,ひかんざくら
宮古島,2024,2024/1/5,1月17日,ひかんざくら
宮古島,2025,2025/1/6,1月17日,ひかんざくら
那覇,2021,2021/1/4,1月16日,ひかんざくら
那覇,2022,2022/1/11,1月16日,ひかんざくら
那覇,2023,2023/1/7,1月16日,ひかんざくら
那覇,2024,2024/1/13,1月16日,ひかんざくら
那覇,2025,2025/1/5,1月16日,ひかんざくら
